code,都道府県,地理院中心線 km,車道 km,60→30 変更 km,変更/車道 %,変更/道路法道路 %(下限〜上限),対象道路 %(下限〜上限),道路統計 5.5m未満 %,道路統計 実延長 km,地理院 市区町村道の超過 km
01,北海道,183235.9,157516.0,113372.4,72.0,51.8〜72.0,54.0〜73.2,46.6,90774.4,65890.9
02,青森県,49253.3,42090.1,33992.2,80.8,59.9〜80.8,64.1〜82.8,61.8,20213.0,21874.0
03,岩手県,64450.8,55581.1,45794.4,82.4,71.2〜82.4,73.8〜84.0,70.6,33728.5,21566.0
04,宮城県,49470.9,43245.8,33317.3,77.0,61.5〜77.0,69.0〜81.5,67.2,25583.4,17446.6
05,秋田県,51683.0,43873.2,36360.4,82.9,68.8〜82.9,73.6〜85.5,68.6,23915.2,19772.0
06,山形県,39387.6,34616.4,27766.7,80.2,60.2〜80.2,63.3〜81.7,60.4,16974.9,17396.1
07,福島県,69742.6,60793.3,48807.0,80.3,69.8〜80.3,73.1〜82.4,75.9,39563.7,21063.8
08,茨城県,74075.8,66148.6,54774.5,82.8,79.7〜82.8,83.4〜85.9,82.4,55596.9,10108.3
09,栃木県,53053.8,46016.5,37456.7,81.4,66.9〜81.4,72.9〜84.8,71.0,25627.1,20170.4
10,群馬県,46937.9,41363.6,30025.8,72.6,67.8〜72.6,81.2〜84.0,79.6,34999.8,6132.1
11,埼玉県,61560.7,55061.2,39800.2,72.3,68.2〜72.3,82.6〜84.8,80.3,47491.0,7110.4
12,千葉県,70123.3,61267.3,49780.5,81.3,72.5〜81.3,77.7〜84.8,76.5,41239.4,19497.8
13,東京都,39117.1,32703.7,19428.0,59.4,47.0〜59.4,72.8〜79.2,68.5,24442.8,7667.7
14,神奈川県,41417.2,34293.4,25356.1,73.9,66.1〜73.9,74.9〜80.7,71.7,25935.9,7955.9
15,新潟県,77045.1,67809.5,55412.5,81.7,67.4〜81.7,71.9〜84.3,67.4,37750.7,29771.0
16,富山県,30305.9,26780.4,20668.5,77.2,57.1〜77.2,62.7〜80.2,59.5,14078.2,12449.4
17,石川県,31866.4,27802.1,21012.2,75.6,49.7〜75.6,62.6〜81.9,59.8,13256.9,14300.0
18,福井県,23732.0,21623.0,17089.7,79.0,59.6〜79.0,64.8〜81.7,61.8,11146.9,10391.9
19,山梨県,24804.2,20021.2,16228.2,81.1,66.9〜81.1,73.0〜84.6,72.3,11342.4,8547.1
20,長野県,74831.5,64687.8,54191.1,83.8,78.3〜83.8,83.1〜87.4,80.5,48105.6,16277.8
21,岐阜県,59633.6,52333.1,42642.9,81.5,69.0〜81.5,76.2〜85.8,72.9,30931.5,21053.9
22,静岡県,67623.5,57349.7,42091.3,73.4,59.5〜73.4,76.2〜84.4,72.1,37171.2,19692.7
23,愛知県,76984.0,67696.8,51242.4,75.7,68.0〜75.7,74.0〜80.3,70.8,50711.2,16321.8
24,三重県,50546.9,42186.0,34840.7,82.6,71.6〜82.6,77.4〜86.1,75.3,25581.3,16321.4
25,滋賀県,30397.8,25361.6,20388.3,80.4,61.4〜80.4,68.8〜84.1,66.2,12733.5,12473.8
26,京都府,31670.6,26509.4,20914.7,78.9,65.0〜78.9,73.8〜84.2,72.7,15772.7,10505.5
27,大阪府,37502.2,31207.8,19952.3,63.9,45.1〜63.9,71.3〜81.2,67.6,19946.0,10667.8
28,兵庫県,73596.2,59506.4,28820.7,48.4,17.8〜48.4,74.2〜83.8,72.3,36888.8,22152.5
29,奈良県,23496.3,18418.4,15354.7,83.4,76.3〜83.4,81.0〜86.7,78.4,12815.5,5440.4
30,和歌山県,29638.1,23418.2,19966.2,85.3,75.1〜85.3,79.7〜87.9,76.6,13922.8,9519.5
31,鳥取県,19847.5,17593.8,13910.2,79.1,59.7〜79.1,66.0〜82.4,63.8,9012.7,8453.2
32,島根県,29844.8,26538.2,21414.7,80.7,72.2〜80.7,76.4〜83.6,74.3,18312.9,8078.2
33,岡山県,56962.7,46927.3,38086.7,81.2,73.1〜81.2,80.3〜86.2,80.5,32522.1,14106.4
34,広島県,57876.8,46224.5,36301.8,78.5,66.4〜78.5,74.0〜83.4,71.0,29335.2,16651.2
35,山口県,38716.8,31035.3,24353.3,78.5,60.6〜78.5,71.0〜84.1,68.6,16811.8,14014.0
36,徳島県,23412.4,19698.4,16694.3,84.7,80.7〜84.7,86.0〜89.0,83.4,15401.6,4171.9
37,香川県,23974.2,20939.8,17466.8,83.4,66.9〜83.4,72.5〜86.2,71.4,10362.0,10435.7
38,愛媛県,43748.9,35868.4,30098.3,83.9,68.8〜83.9,79.8〜89.6,76.0,18448.6,17380.1
39,高知県,31891.8,25687.5,22424.8,87.3,77.6〜87.3,81.4〜89.4,78.6,14365.0,11109.5
40,福岡県,61733.6,54275.8,41529.4,76.5,67.0〜76.5,77.2〜83.8,72.6,38052.3,15662.1
41,佐賀県,23354.6,21036.8,17478.3,83.1,68.3〜83.1,73.6〜85.9,67.7,11080.1,9810.4
42,長崎県,35949.6,31068.3,26108.2,84.0,72.7〜84.0,77.9〜87.1,74.1,18117.8,12894.2
43,熊本県,52090.3,44264.7,36801.3,83.1,71.8〜83.1,77.3〜86.5,71.9,26217.1,17663.2
44,大分県,37779.2,32531.8,26627.6,81.9,68.6〜81.9,72.6〜84.2,67.9,18681.7,13702.8
45,宮崎県,41545.2,35680.1,29995.3,84.1,72.2〜84.1,76.1〜86.3,72.3,20275.3,15233.7
46,鹿児島県,59992.0,54291.3,44648.5,82.2,65.2〜82.2,69.4〜84.4,65.6,27518.8,25916.6
47,沖縄県,21119.0,18162.4,13846.5,76.2,48.5〜76.2,55.1〜79.3,56.7,8267.8,9771.4
