rnkWidth,medSect,rdCtg,motorway,km,%
0,0,1,0,0.4141356754983385,0.0
0,0,1,9,31.572354656622824,0.4
0,0,2,0,102.21682148556721,1.3
0,0,2,9,1426.798849757412,17.7
0,1,1,9,0.1022785012689329,0.0
1,0,0,0,0.05854845307336075,0.0
1,0,0,9,3.0439287547239493,0.0
1,0,1,0,0.7876505648369823,0.0
1,0,1,9,17.06455279766764,0.2
1,0,2,0,102.08443699430623,1.3
1,0,2,9,3810.9483593997934,47.4
1,0,3,1,11.087082093345336,0.1
1,0,5,0,0.06236373682298618,0.0
1,1,2,9,0.2666543991072482,0.0
2,0,0,0,6.50597148721667,0.1
2,0,0,9,84.26408608979,1.0
2,0,1,0,3.1115649964518526,0.0
2,0,1,9,80.04725827474829,1.0
2,0,2,0,27.994524386646226,0.3
2,0,2,9,1589.588842855437,19.8
2,0,3,1,2.7729614097777877,0.0
2,1,0,0,0.07334634092842,0.0
2,1,1,9,0.4033107346430869,0.0
2,1,2,0,0.025101657016981273,0.0
2,1,2,9,0.35827180268599523,0.0
2,3,2,9,0.10788872583961957,0.0
2,4,0,9,0.07670033328752408,0.0
2,5,2,9,0.7062075971131546,0.0
2,6,0,9,0.10853988967018253,0.0
3,0,0,0,0.015793830406195638,0.0
3,0,0,9,0.20199119560675677,0.0
3,0,1,0,0.2653235713007942,0.0
3,0,1,9,6.399345557938659,0.1
3,0,2,0,8.252299350560039,0.1
3,0,2,9,195.9392428351892,2.4
3,1,0,0,0.1136661788505257,0.0
3,1,1,9,0.09182162800838142,0.0
3,1,2,9,2.9634352368524723,0.0
4,0,0,0,2.442885362336222,0.0
4,0,0,9,62.84434983907579,0.8
4,0,1,0,1.2007376805204766,0.0
4,0,1,9,93.29951881114401,1.2
4,0,2,0,1.776475383541083,0.0
4,0,2,9,179.02064365860795,2.2
4,0,3,1,0.37400297703311525,0.0
4,1,0,0,2.7059346780387594,0.0
4,1,0,9,24.165867683121878,0.3
4,1,1,0,0.7428414796476027,0.0
4,1,1,9,64.7409664705273,0.8
4,1,2,0,0.13344642587305866,0.0
4,1,2,9,53.78914732569203,0.7
4,1,3,1,37.52491984146869,0.5
4,2,0,0,0.36084167673489465,0.0
4,2,2,0,0.25773264307948884,0.0
4,3,0,0,0.04142492328263762,0.0
4,4,0,0,0.004354021548901427,0.0
4,6,2,9,0.2325518542642148,0.0
4,8,2,9,0.7153295907097086,0.0
