z,x,y,size,md5
16,58141,25752,13014,32fea3e3e539f55477cc5b62403f91ab
16,58140,25753,15589,ffd9c6c853cc01ad96975cea1ee37be2
16,58141,25753,22944,c1a61db7a4c99a619b5cff7e5d92db17
16,58142,25752,15363,f61ee72d8272fbefeeed63a6d82e3e28
16,58142,25753,21237,3ba9679d4c10510f581feefa3ce24d21
16,58143,25753,6240,63c8a46fbc2140f4f94ba390b02beba8
16,58140,25754,23236,ba536f5927cb1274471340c57193ecfd
16,58141,25754,32705,2c074c73eb374e46a7c262c4e88f6ff9
16,58141,25755,105468,6957835218d02f0eb6a268a96bfdac34
16,58142,25754,25765,ab3240960c41205132a3f688ff85df5f
16,58143,25754,27391,25092ea144a31ff8118db8e8ed83cbfc
16,58142,25755,68865,1d64a3d8230ab8c73e0019c70a01d9e0
16,58143,25755,32733,6afb91d75fa0af159526267a92040069
16,58143,25756,18833,80d4976e0c76ae71f4d805922c2476bf
16,58143,25757,17112,9fe544626a715d5e18884fd1ab61eceb
16,58151,25743,29274,9a078576497361ea9ff905736241dac0
16,58152,25743,26371,af3920a3f4577057c2f385713400eff5
16,58158,25743,35286,12cbae71cc74aaec9808505581eaf464
16,58148,25744,26814,38141cc8fb844ca625cf475900eff4e3
16,58149,25744,35767,ad7c4c5e953e85a1109e1f1b631aeb58
16,58148,25745,49535,8f9ecea473c1371cfcf6d53c508ee142
16,58149,25745,31057,fc317d7c1205d6aac9c37194646e5e84
16,58150,25744,22752,ed78872cc5c8a6aa04811b8072ce4e81
16,58151,25744,15934,9d2330fdd0d3b2295038e91946c4c869
16,58150,25745,47020,0c69fd258b603e26480b8ca10af4c7d6
16,58151,25745,34530,aa66b995452c07e38265a94665e3f64c
16,58149,25746,35679,e084ee50c62c811c30f15d7fa929e90c
16,58149,25747,64872,f12f9ea1c355916c28f4ff5892185b81
16,58150,25746,72116,2b29f875dc8dd6a397803cfe772f35ea
16,58151,25746,61613,3dc81530a35b1e74f6a57a1e3875109a
16,58150,25747,105000,1652c69c7bfc8c0335b0ae0facfa2085
16,58151,25747,85221,188321e38a097eb74a78778a971b7b7b
16,58147,25750,66593,f9d0cd7634485ebc75e5b2577f617d1a
16,58149,25748,79649,d744975d921990d0623516f658c5c278
16,58148,25749,93128,91ddde2fc2f929ffccdeb94fa096f33c
16,58149,25749,41530,e545e4fe92d58416a17b089e01a34b0e
16,58150,25748,69681,7e0a9d2f94cf8bb3677fd458b17d5df7
16,58151,25748,68826,8dec05b852c48dfcb9fcc4295c52db3e
16,58150,25749,36254,51a9baa3e09c4928dc56f0bd3c9e9429
16,58151,25749,51108,c41818815d5c34ad053a5b9747056746
16,58148,25750,66362,84cf73e660085209e1e09d46170989a7
16,58149,25750,43626,f48a8593daf245a6658087d649369a3f
16,58148,25751,78866,ab1801127b178bdcfb2f58ce25822865
16,58149,25751,37074,36190dcb29289680b963fa6e2423bc29
16,58150,25750,47673,1a808bc22573aa94341a7ab9372921d6
16,58151,25750,66639,a59a3167c2da81c58e08e0e286e963d9
16,58150,25751,78375,3cdcfeb6f17535ba36f9c18cdae599ce
16,58151,25751,120196,78591b2f4982c9988bc7433fae25b6c4
16,58152,25744,20690,ba20a8992bb98f11bec8879c007a7dc1
16,58152,25745,34234,b471fcfce8a5661437212eb3a1e2520b
16,58155,25745,15066,9e04a05a20b4c644cfef558ae17a4b94
16,58152,25746,44679,ab30560d131a569b6085e48e8d7ecb3f
16,58153,25746,34004,0cd1c07a1aa73a16e2e6387414dd5d6f
16,58152,25747,58234,956a2082118a9ce4c177153e1f6e41ef
16,58153,25747,53792,7d26e3ae07941a4e8934c2b726e593c0
16,58154,25746,40998,6609db1d8f746bdaf2923a3f221b1848
16,58155,25746,36261,d16f391b7680fb5f448526d5a39f8553
16,58154,25747,20867,f7322ad262a95cb9db8ec81a78f3c9f2
16,58155,25747,13088,21dee1ff7ca4c4c66382e492bdadc1a7
16,58156,25744,18899,2bfa1da4def1c154056d721fc39869a5
16,58157,25744,14337,5cd77abf6cf25781df17ee18dc494096
16,58156,25745,16894,867365571813e79ea0d6faf8343eeac4
16,58157,25745,22954,8e9a3905755a0f39ecc0c2ad022c6442
16,58158,25744,23177,4a082d0db26ca0ff4dd62f1b9f902be0
16,58159,25744,13560,a20dfbd22cad7d376252f0fb43da7045
16,58158,25745,43550,9ac53ca37d74ccb56ecf4b1bef07a429
16,58159,25745,11954,46e5c56137d88d6dd2427874b6558aec
16,58156,25746,17512,ecfe34ae3f71dc19130c2b3fbc447b28
16,58157,25746,26715,44abe6324362bd00ca07359baf67ff0c
16,58156,25747,33000,9ac07543c65d385258edc43bf9ced29f
16,58157,25747,20961,048cb4f2310da031d66b582edfdab959
16,58158,25746,35592,e8553c497094a146a453fca1acbce7e5
16,58159,25746,12478,b39f4d2dca73851f46729ac6571d4808
16,58158,25747,59303,9c731d1878da6fa23596490587362818
16,58159,25747,59284,83b804edf651b51254e48929fb7141d2
16,58152,25748,50349,c50255958e2a2899281ef8ede5b2ee5d
16,58153,25748,25367,f4e5f8deaa3129b2d5c1aa478849fac0
16,58152,25749,57707,a2cd1afbd1e7c795ac7d9d0af5a2f52a
16,58153,25749,48031,3a2e4e4fde1c2c2f647252e393500e5d
16,58154,25748,17051,8c84c36d50d27d1178e388e94aa3cf4f
16,58155,25748,8553,96515ff7944a17ec7737e7071955b095
16,58154,25749,44859,990720ddef63ef3cab4050a6579d0545
16,58155,25749,16644,3f2fde48f8f671c43d19f9f716927aea
16,58152,25750,92220,2ba4580aadc8133f96a7b92a7aff7554
16,58153,25750,67216,38c6ee654afe3cd5dc7b6560d3e88d34
16,58152,25751,94570,0842e9bf9c0283d9f8d010333569134e
16,58153,25751,83503,5e5dadf42eeef9f005be09d6fe00602c
16,58154,25750,42793,51c4c8456426ad49551daa6c63eee629
16,58155,25750,20755,acf6bdf1786464e0966ed2ed587cedef
16,58154,25751,56067,e6a0ea08d2db99daa4a6b9337620e00c
16,58155,25751,28864,89aa70f6d0592a995e3ccf6fca0e8989
16,58156,25748,12584,aab014517126893b69f60c9fa52937aa
16,58157,25748,31264,6df80c0bda4a79bd9bb9fb49c27b5bbf
16,58156,25749,20762,7f1924db586f03714974d532c4b76089
16,58157,25749,50594,70023bebbaf5ba6b91f41d9455e871a5
16,58158,25748,29447,dace8766601c3e09146275080e8fba50
16,58159,25748,60946,cd180eff8211c04a08e25a972de6b173
16,58158,25749,39742,2f0eedfa563cc1e85eaa0634363a18c4
16,58159,25749,75307,3a01a2a2c0b2b150ceb787cf78b60f21
16,58156,25750,34672,94bbbc10692e75190122c96864ba3d5c
16,58157,25750,29480,9237c3dc82555f12d7447a835e2b2597
16,58156,25751,21222,3c41e98fbf53e8f77d67bc06fbd09a5a
16,58157,25751,38269,a5c528086f961abd92caa7a7c4f34849
16,58158,25750,85489,16d0d48b78f3e74d21179d01acc87372
16,58159,25750,100863,0ffb61296a834599d66df473bc71d7e7
16,58158,25751,103062,aaed19ed9a51b8d9a067764a06d9e456
16,58159,25751,90164,3aed49e1d88ffda41351e34a04cc07f0
16,58145,25752,21743,7ef0b55953532944eccf3b6739645150
16,58144,25753,19941,ac66a917157a82989b30e69d366aee79
16,58145,25753,52320,88b05e6d6c4ec627b028c5901df94df1
16,58146,25752,79400,6e3a062dc8044e0e5c17265c2ef66edc
16,58147,25752,61668,e57aa4b4f6a71b534fd96f188cb7fcd5
16,58146,25753,60835,e0cf8b1b32b2e97c09425082994d175f
16,58147,25753,48708,fe55c3d96057fe6d59e73ce98738f75b
16,58144,25754,35942,d022d27ce0d64e7859999beed1212807
16,58145,25754,40836,33aa0d38ebed9bd0aa483203555982d0
16,58144,25755,33799,380a03afe74b9621dc7fdf5136614a7f
16,58145,25755,40047,da864a7c591e525a6c181609ee90b870
16,58146,25754,46005,a31a51111a041f3ccf6eea7fbb322c3a
16,58147,25754,19807,ac6cbf810c0b00fc0105a9f7e2ed557c
16,58146,25755,73142,70d6e55860999f1d2de72045d74eb4fb
16,58147,25755,66306,96be88537ee916c7f092df52db34457a
16,58148,25752,44849,d0401e35584c9e9de6ad881b2e02b27d
16,58149,25752,66694,0e666056aca0dee195ae28cd485b53d4
16,58148,25753,26130,f487f276bc510e8425aab3b8b3d72a8f
16,58149,25753,43364,d99a6ce2b7433002805bcc19376e0fce
16,58150,25752,112243,c6c6db8663236af8cf57a5f5784c291f
16,58151,25752,117418,173ef07d92415230777215a61def8ebf
16,58150,25753,66668,bc1d7fefe5e85983a64b876e51ee7158
16,58151,25753,87630,369d28c559ea2f4aa54bbd2f47b8619d
16,58148,25754,19661,a8a2af852e0277a8540a9349f6fce622
16,58149,25754,79504,1a261fa0fc221d503f299feb61ec4e5c
16,58148,25755,101077,b3ca71ccc8ee0afebe45a61f53f17d0a
16,58149,25755,77792,528284b170be947924b3af90d4015165
16,58150,25754,73626,e1dd7c64f161f05a29d18e2d962126b5
16,58151,25754,68810,684d78a1f09db4b4f453f23171b3aa02
16,58150,25755,95990,0d8b5b8e3b7a2d94b6b48bb235e8b6fa
16,58151,25755,24191,e0183e083f4fed2a6034fe7af4392faf
16,58144,25756,36185,de8353d9814de7dae15ac8c77d647f82
16,58145,25756,48831,045473e36abf8a318582a6e2ee2d9626
16,58144,25757,17678,50e4ee372b58b4858334db62dba59537
16,58145,25757,10837,d7f3e1adc6145d05a5bb99d287221e9a
16,58146,25756,30302,2125acade3961b7ff1b14720b7b0640c
16,58147,25756,65692,eac89da7a9eba6a5c5407929e6806b49
16,58146,25757,5257,e8d168c7d687087c4cc86d8ce314ccd9
16,58147,25757,69162,cda7fae2be3acf51094bde4d35268f31
16,58144,25758,6984,8b6041ab5d31d6db03d16d1e638e65e8
16,58145,25758,4772,40119ea8aaa3bcf53cb8c7433d0a908e
16,58144,25759,18545,98f7f9ed2133f185deb9cf06b0d73cd7
16,58147,25758,16299,b2adebfe87fbd0c0852049daf7943250
16,58148,25756,85407,12f43c1fd0d29a7c222ee0fc6ad830a5
16,58149,25756,30340,928d796a1c22f2903e28e76fc320c460
16,58148,25757,46594,465452e74c601c0784f6bd5609c9c897
16,58149,25757,24173,1cbaad1de2b11cb4092f87abd407eb74
16,58150,25756,14353,3d3ebfdf10b4228f7366e556d1d145d8
16,58151,25756,9927,2448c9e009a2f2d87e6bbeffa0a39d7e
16,58150,25757,12748,822c359fc45a1b36b5fceeac2dd98313
16,58151,25757,19965,1fb30571ce291836975ca983f4a1847c
16,58148,25758,24473,b51bc0f6790847c177d369effffcf0b4
16,58149,25758,8934,c74bdf394e419264c7570dec8af876b5
16,58148,25759,23100,b44156b727cc1db326dce1f0d906c236
16,58149,25759,15113,147586fd99e4fa3321655717840f0d1a
16,58150,25758,22694,6151873efd593265abb3af5e74c81806
16,58151,25758,41559,1e8efa90d883c104b3b874faed3f164d
16,58150,25759,41281,d94614e1a9dbe8a874b5d821ef5e75d0
16,58151,25759,49076,76f3ced98387fcda521c50780f62b894
16,58152,25752,95979,f70cc247d47dcc0002b6060ec33952e9
16,58153,25752,87717,3b5e6fd7f274e8b817c73cf64f420888
16,58152,25753,63776,d31bad7f3372a4e8540e0ad290ca20eb
16,58153,25753,37178,c30b906eb1842399b1dff722ac4d1175
16,58154,25752,47211,741b5d7f57a256cbb648a162300574e1
16,58155,25752,11769,725ab146a87e3dc7dd6004349b7e7196
16,58154,25753,25798,47897ebfd64d914877852bb764095195
16,58155,25753,79811,706f6b7cf96042048b6ec0d20bfe5de7
16,58152,25754,35422,b63e4ec08d440283859ff42de5ea68fa
16,58153,25754,15067,c18c571d1ea6e52f60af84ebba361e99
16,58152,25755,15525,4cb825c4182aa3dce04d2b1cc6d25242
16,58153,25755,17457,209459b1113407d4fb5f463aa32fd09a
16,58154,25754,25980,afc6aa02d287bedbc18fef9677e0332e
16,58155,25754,28999,416e47937bf0f6f3157304c8c92edc3d
16,58154,25755,51431,5bac49a63da902a337153777d3d9b238
16,58155,25755,43505,7a2b8bab7f4aacf86a7020e114efb88c
16,58156,25752,13431,9ffc1bf66fde486b49cdddaf01c757ae
16,58157,25752,58933,fffea489679fc77b6ed28049db88ffde
16,58156,25753,62422,6ea2eb9a8bf692b103214c3dcc2528c4
16,58157,25753,87691,b87d0bc46ace88d9abac3c1340751f14
16,58158,25752,105931,b59c7f32ba2df4ebdbd5098a79f28c5c
16,58159,25752,96426,b5fcecbf8f51e5124fc9f535d6419565
16,58158,25753,82017,4c25f6c9b90cd75dcfe860410cb753ee
16,58159,25753,90083,324ba0f0bf4415d9b762d0db8a6b6a5c
16,58156,25754,12337,fee4ba66d41e73569b40ccdeab5aa970
16,58157,25754,52792,1e0d1a247db3fc32208d3c4ca5144771
16,58156,25755,15711,bc6de26b7b5fb831330880f35f2a1db4
16,58157,25755,48381,cbcace1a6da1a454254e778e775d2c86
16,58158,25754,84203,93aaa488d544017a481cf124c8590653
16,58159,25754,65672,2df4a631679b095c07e9d5799b54dce8
16,58158,25755,109294,bbadf9ce270bb3938f25924e87eaece2
16,58159,25755,70765,026becd3f4dc00758a3496327ed68fd4
16,58152,25756,22486,af7b5c2a637869e2faa1da5a7709651f
16,58153,25756,55554,4264bf4cb552374cb61a663d2f46af11
16,58152,25757,33733,3a39daa47d5f5c7c41ac0e5d703ac3b0
16,58153,25757,58357,4118d2df7d0ccefe3413a081a25a242d
16,58154,25756,40056,bed0f5d49703119e9ca35db3ad87bcd1
16,58155,25756,28401,14ee5635c66cff7cb7a5c035876517d7
16,58154,25757,37221,0f9900b3c8a59291d428ee122dfb62c9
16,58155,25757,54932,38406fe92b45efb36b47aead2475f1c9
16,58152,25758,49141,43c7067dbf2ac61acff835869d9322a6
16,58153,25758,44825,3e6b7da45666e277d768df4f0bd61d22
16,58152,25759,54418,4ecb69cc421992f01a42e196bec49654
16,58153,25759,59862,d44b31edea44d69a027b616a6bf7a99a
16,58154,25758,85199,e3a8ace5ec839522dfa29762a710cd26
16,58155,25758,58016,9f849c36afe2b8c43c8ae28d14e8581d
16,58154,25759,84834,f71e3447b3e69a6d40653db78ec02565
16,58155,25759,76853,d74c1a7fe530d5939552e469d4f48158
16,58156,25756,80932,186ee389e0bcbe9dad2cc719a367536b
16,58157,25756,100038,cff1f8a875b645eee17e85c68788dd99
16,58156,25757,64837,7760214b51c828d62ee5dadaa165924c
16,58157,25757,115587,e5a89d48aaec7f6e9e1a21bbb02b979e
16,58158,25756,87293,24fdb44e37e400d21efcb078486611e0
16,58159,25756,60328,4cfeb704a512bd4529357659bbc1fe29
16,58158,25757,97846,f207c50b1f4edd2aa15eecb4ccb4b301
16,58159,25757,74063,a02034dbc9af103c3735a44bd0f74848
16,58156,25758,64622,28ce29b03a96ed0d06d3ea644a0b4630
16,58157,25758,114130,46c04acaaa4b8d5a4df4a14de6d7b6ff
16,58156,25759,59674,02d32902431b5a1c76bcc59efbb3630d
16,58157,25759,90945,310c57d6e71a9612ab096639525063ec
16,58158,25758,125317,b0e2162cf8e5989732c1afca04632e92
16,58159,25758,95204,f77e4692a0d931e22622a352e27c7a7e
16,58158,25759,60410,c37b1ed4d02eca3cf5c42ebc6b022f69
16,58159,25759,81590,237b819811bd74b3b1eb101e55ada7bc
16,58160,25744,15983,5fbc2a2686d82536d36cb295279897f1
16,58161,25744,11044,3288e2bd83546ce557935808bff15afe
16,58160,25745,17748,1ac4dc448204a97fa8129133e6fc386b
16,58161,25745,31568,9eee63d5aaae1b26decdcfb1ba2b709a
16,58162,25744,7715,ac3922a326e0c40be61d4da07b7702de
16,58163,25744,16818,561451670d6f28659ff14c3e08f33b45
16,58162,25745,27625,56f7c9c257e4aaeb9bd41e51669ebcb3
16,58163,25745,29409,df1c70b4e2716a402948d994c88c1472
16,58160,25746,21621,c7c1258659188b832a4f660223a0e348
16,58161,25746,33723,43aa41c882a3d5960a1748b1083036bb
16,58160,25747,60912,f59ed55eabea3bf3c676b25b9d246102
16,58161,25747,34457,208d64e208726969d14794b845895f22
16,58162,25746,6598,0e2cf7bed77b657c139f3a70e9b7f9ad
16,58163,25746,25490,99d97670e9f0c4787c98e100fc069013
16,58162,25747,32979,7a328e7587bbb220ce6483066e8a2423
16,58163,25747,9437,52b68abdf902dcd558e2330957e59cd7
16,58164,25745,31265,9e60fe306250336f2f4872fa8b041c5b
16,58165,25745,14572,3597ffbdd70b4f6cc474c5205d238476
16,58166,25745,10637,a0c510b29ea2905903abe9eabe47295c
16,58164,25746,29001,d464339679f387f5d35a57a5be311026
16,58165,25746,40732,4aa5811160ad54a2b137ea0086166e18
16,58164,25747,29695,8920ffa0435be7b9cc004703b5bc3352
16,58165,25747,42751,627343fd74c7d34f0e1b2aeb4b5c2b3c
16,58166,25746,25556,38ba9a10dd2ba20335930c6a00d3cbd2
16,58167,25746,25353,8dc4477e3c08ab14302451dcd92be4e1
16,58166,25747,23876,dc0d4fbc0f3cc5dae2595ccfb65b2775
16,58167,25747,20992,807441e4740090a28e3fec807060e973
16,58160,25748,59274,f8dc2f6ccc299d4d99d09c1339f08706
16,58161,25748,8674,3f1d1cadb071112f8f8c2191bcf3dce1
16,58160,25749,82450,d5a45b3615ba4b2355a0f6c6957d843c
16,58161,25749,8560,e25a892c508cab746c95b84e2e0c54f6
16,58162,25748,18364,ce0254adcef5271272cfd826b3ff47bb
16,58163,25748,9942,a8a84dbabbb4ab9d3b19f2f13d0abe30
16,58162,25749,24428,32a032fafff234ed2571df7cb31d697b
16,58163,25749,22456,94c0b718aeb0388c10d09b3c08999f49
16,58160,25750,86644,4f22ca7b546645ab6c59fc076347b41b
16,58161,25750,33359,9c59f00ec882d8be89a76e2835dbff81
16,58160,25751,88970,cef933052727c25f97e6cfbff1b28d80
16,58161,25751,57791,71cc1fae608aaa70f991e34e55b4bacc
16,58162,25750,13553,1577f6d117806c17cd42cdddfc1bb8a4
16,58163,25750,22407,4d83e00eef5ca73e1c35f88012ab81cd
16,58162,25751,23630,128ce21fbab323554ab1bc3f3295ea8f
16,58163,25751,30258,f6b668f52c4060fb9712077a27207088
16,58164,25748,9442,774e204f5f5537330ee1375539eada28
16,58165,25748,21322,9c7ef86fffb54fad7399a4aa9c54d680
16,58164,25749,11444,9120bab86aaf5edaead26cb294b19001
16,58165,25749,28164,df1002a1022f38e8ed234e552412bc5c
16,58166,25748,24637,1228c1423e438db3f6a10eeb4aa12d1b
16,58167,25748,14077,d2645f2dc8c1f6776ef6474350e5b684
16,58166,25749,33490,2d47102701686e1833ec11cb989fa4da
16,58167,25749,19693,64a47f0c8046b75f660f6c80dbd8df86
16,58164,25750,26840,02b56030572e3b83c505eabbcd641f7f
16,58165,25750,33540,4f185e73574bb2e8209492b61abff7e3
16,58164,25751,26108,28c4076358495bfce0b8ccc89ccae7a0
16,58165,25751,15969,f7002226882dbc431c4dbc2ceb0ca815
16,58166,25750,25381,edad150532b078123c26df1d2eee1042
16,58167,25750,23201,1be19ad565d600b4b6d146ccd34914d9
16,58166,25751,28928,2b70c2998330f895ca9e3d9d08d3eb0b
16,58167,25751,12576,ceee13f05d702db633c4c59aef2c4cb4
16,58168,25746,11499,0016c48acc45b9eb2c4ed83bafaadb26
16,58169,25746,8846,2c070470ccee401df1a811907e2b5d79
16,58168,25747,29072,bfc93083e82772e28c45fdd15d65268a
16,58169,25747,7461,8e6d6c07dd97be8d4d651a7b50da9daa
16,58170,25747,7155,a605b28fddaf724be27290901fe4cdd6
16,58171,25747,29401,afc0d27ceaf1f6fd6cfad5766aacb19b
16,58168,25748,29455,6cb7c20ccc943333815b800d941ff6c5
16,58169,25748,29900,289f3d3a8b40fced5e2b088cf8a34dc8
16,58168,25749,18422,ea9219b0120ee300992def5a8af105b2
16,58169,25749,25504,d73afd3e7e3fb05b9d9668df1c3959c7
16,58170,25748,11047,95fcce3083337e72b873f698b4545140
16,58171,25748,10872,935a2688ba585e85d9be6e6c18306549
16,58170,25749,10760,4bfbc21cebc1e82369aef0964e727a5c
16,58171,25749,10470,542a8f0c3b346b0cd9aa883e732b894f
16,58168,25750,21619,f7b25766be06fc4987522a3292f2aecf
16,58169,25750,24649,0ed0b3e91aabf221101d75ec4d4e327a
16,58168,25751,15721,958815f55f6eb3c4a2cb4df8f378f27c
16,58169,25751,22953,610cc3f58390fe10c6ef611f7a05cda0
16,58170,25750,10746,f6c2e0e5d2bbf8b017607490b8b53afd
16,58171,25750,7162,9e262def8d6f170d03e68195b9eb23ee
16,58170,25751,6024,17d0b38a3d95dcfaec62bf6f8dcce029
16,58171,25751,8079,01123aa5e406225333dc6e78339fb408
16,58172,25750,18663,ea771c0d47ce522ab8699ec6ad4d2ed9
16,58172,25751,14179,b69cade6f2e3bd9fb2ca31167534cea5
16,58160,25752,89032,6e7e7edd61c99d33b16dbac61826767a
16,58161,25752,75350,d3786fa625fa36a2ec2a6985a1df07ce
16,58160,25753,91489,8f8123fd7d393150cde8bda5219f877e
16,58161,25753,80650,9217c52af350388f9422954e80472e77
16,58162,25752,33342,57ec288f8af774675b4d479e5b33e049
16,58163,25752,17098,3933d801d00b90fd3bb75cc18b1e1ecd
16,58162,25753,64539,b91a314013d1f0187001be01c2e5b30c
16,58163,25753,27166,8c39bc1e414e71ddc85fea516193b8e6
16,58160,25754,80609,a53885caeee47f312550cd0ff8cf22f5
16,58161,25754,93315,ff7ba0c15fa40c9ef8152ba920a61a9f
16,58160,25755,98620,4ce2c7b9616c5edabd6a339deef199a6
16,58161,25755,107074,8649c500841b68690340e94d91e9fdc4
16,58162,25754,94948,b27493eeaf450f9cbe7f7907b0318ce3
16,58163,25754,20166,44b6578312b3bcf81fd3523c7fa9ab41
16,58162,25755,54523,048a2bff352b3c91680f8f0e854dca40
16,58163,25755,8984,1b1edb572ae8799b066e6e4e1adce0c2
16,58164,25752,8857,adffd7706bff9d9236328e7853c850a2
16,58165,25752,22821,9da652d5cad60ddaf2d28d725440a467
16,58164,25753,19188,383f15d7c861b322d516c1ecef38439c
16,58165,25753,30315,62ffb6421d4ebaf9d05c539d09ee5e0b
16,58166,25752,22759,d6efadc8511526c2c8c34fe94cd4cbf7
16,58167,25752,20764,641fcaeaa66633c3a6ec4f959aa3361c
16,58166,25753,24551,b467253c03e2a63bf277fa6a48b1b248
16,58167,25753,41352,c99dcee42d94ef84b73c9cd0f205f71d
16,58164,25754,25320,83df733f4d5a8c1688b13b548bbd65b6
16,58165,25754,9206,3264940bf1f6229ae2fe7d69ce3e86d3
16,58164,25755,16464,856d3770f4b422bb9f62f92eaa862f64
16,58165,25755,41186,f855c4afdf037b4358a1629c293471b5
16,58166,25754,7966,fdfb40a35e5a383ed324e6ea02e4c3b2
16,58167,25754,45463,4de0f70ea8ea36b020591b8653cff6d2
16,58166,25755,20283,df5ee17d83f9456f936d254bf8caf9e2
16,58167,25755,55701,8c175e15ee5c6a4b2220d95acfaefa72
16,58160,25756,83182,9fedd790a0de9dac4125e593eb42385d
16,58161,25756,94684,48e8cec5043ff9eebc1a6df504bc7a36
16,58160,25757,84929,8859a79963bfef1f6b578a85273057af
16,58161,25757,114308,6bfe098a2f353dce3da3200355205706
16,58162,25756,33670,55cda1ceb47f89e6757f74abfaeb45b1
16,58163,25756,14273,85e30e93820969ae928ec71abaf22147
16,58162,25757,61208,9fc39ad41f5dfaf5e6eec5a75baa00a7
16,58163,25757,22738,917dd13fdd54d683871e43195a632c81
16,58160,25758,108047,c2694809920153d507bcffba966256e5
16,58161,25758,103111,2ed905314cc93c53f81879469960eb0a
16,58160,25759,88168,a4b379c7e57340fe016812b0f1059db0
16,58161,25759,95129,82aacfbd861cd5f76550aac559cf47c1
16,58162,25758,96301,b6715d76ea755f905c1213211d49d11b
16,58163,25758,81642,d314709244fe234297d079b455acbef8
16,58162,25759,94804,ec588ee40f5c0b83479b4fa06c19b244
16,58163,25759,117508,3e314b4cf8ada23d551b2e5830d2ae53
16,58164,25756,42121,bcc0575d3a767549494485fcd4b079c7
16,58165,25756,46226,4246d8a861c8e9bf5b07904cb898ff7f
16,58164,25757,52648,a45cd3f623a4258a2e56cd467e6ab80b
16,58165,25757,63167,9693d70e10d198808cc2fbdbbce9b8bc
16,58166,25756,78269,196f3fcbee4666a86ba85456c96b8591
16,58167,25756,47009,b8d0f8112dc335928c07b29ae6f04115
16,58166,25757,66157,48b8364872f63026afdcb393a5faea82
16,58167,25757,62076,6f81cda984ccdb7415448a8de43b0337
16,58164,25758,39667,943ab1f045c96c322ce69ed22400ccd2
16,58165,25758,101875,ae8a4da1e85bd9d704076acaa4dec5c7
16,58164,25759,54958,d226c75c79232c27df987fcd9c9a4c13
16,58165,25759,44102,2773a2c660a237ea24fd7c6bc4b8d701
16,58166,25758,105315,106fdeec24f257d4901b4550f86e2725
16,58167,25758,65932,5ca7b0231270090171f02fbe1d12f999
16,58166,25759,48294,1e8f7dc64179e4302d3a328fb6cde3e4
16,58167,25759,44803,3bfa19e55036347477b30353855e5acb
16,58168,25752,37672,dfca345bcd6f73365ec7b2638cf4fadf
16,58169,25752,28324,c11f93f383cf1a3da74fc337ce7c8222
16,58168,25753,49046,29cd4fdb1e296cb989e07593ee573e8d
16,58169,25753,30824,765ae4eee61084cb5fdbaf715c6a0d56
16,58170,25752,6298,c5a83a50110f688e7bef7860ab1043bf
16,58171,25752,10997,10194f9526a344fe7707492407447f05
16,58170,25753,11233,9005c9d6e335e654a688165b0df8085e
16,58171,25753,7880,dbb7864be2130c38cbee745295d1ee81
16,58168,25754,19912,50ca37e3d086b6df1dc025fcc7c190bd
16,58169,25754,37451,a3b5c727b4a98894023b8bb9bf3953ca
16,58168,25755,13860,ea2bc0830c405daaf047d0c98e1dfe43
16,58169,25755,12705,27beec5d8db9447e511f9c4177b157a0
16,58170,25754,19499,9a4b4e2d886f460fa1ec19e26ff9461e
16,58171,25754,10812,4696d3646f2920e112694c02c97cea6b
16,58170,25755,42032,c8e45f7874a9fa8643110f237ceb99f1
16,58171,25755,18492,5d72891af10d77d18825abe99e71c051
16,58172,25753,11103,71ed8d7b7ff89b89597889ff761bb7ee
16,58172,25754,9476,d2a086757bb8cb912cef2f786baec0a8
16,58172,25755,11918,6748088410d54dcbdf680f3502c702c9
16,58168,25756,15101,092c57a3d52b64432b29d125a5b72593
16,58169,25756,9659,01b89ebccf2f75e9a089dab32fbd1a1b
16,58168,25757,38017,b74a1f82d4fdadb155bb09b84f16ef45
16,58169,25757,41637,59f88441b676f807ac6011fd9b1db038
16,58170,25756,10537,adf1eb270ccd635591f0245f8687765b
16,58171,25756,44222,fa60dbda321e6304c4e41017bec902b8
16,58170,25757,10722,9d547bf7340245a366d398b36e3b461f
16,58171,25757,9007,72281b5e37c4a58322b3a071e304b874
16,58168,25758,27422,65a3d269209a37fe426cd6db91f9f4fa
16,58169,25758,46783,75a230b5bdd7c992536400bec13e3aa4
16,58168,25759,32708,f5ba5731686879e0a5dd17956b0fd05d
16,58169,25759,35386,d17bddb3a0dfd5ccfe0bdb2cd34aafea
16,58170,25758,10610,0b3757c0c7870c4ff295f4e24d99483e
16,58171,25758,5991,4ae95e98199615a9d8e6628a45e44050
16,58170,25759,54011,17e138b476b1a5d539880dc1d61f4ee3
16,58171,25759,35837,ce31acb8bbb79930e864845a1b975a34
16,58172,25756,24540,2078d250d3b57558a636ca5b8ddf6f60
16,58173,25756,8120,0fcefd53931939e24d91255c78638ff1
16,58172,25757,44081,ccc33d03d74b4d59fed23ed0352d389c
16,58173,25757,12635,372be34ed0a0af7a7f86c25224e0d393
16,58172,25758,19517,10cf30caffb224bc80a57d2274e1b569
16,58173,25758,20150,88fffc63f7d6cf6db1e51d9a33e3b2ac
16,58172,25759,36908,3d637a646205f61209c549624acce492
16,58173,25759,27981,7420cabbcc312ff65f250e97c4450bff
16,58150,25760,36413,e9359681b52924e8508fafc6c5640a0c
16,58151,25760,44819,2232c28b345c008eb2c02497d8ae1f9e
16,58150,25761,41707,803ce6560d7ca32b83952fa751b27fb7
16,58151,25761,42251,73453dddaa8b169e8c6c18e56955185e
16,58152,25760,67166,92609af7b6c8fb7fb65a823a159e9fe2
16,58153,25760,39358,db900cf707ff78d8022e9ef0b634b4fd
16,58152,25761,30971,842acf61f68ba93dbfef2572843ebe91
16,58153,25761,19682,30bed5643d5c747e10b30d1379d1fd41
16,58154,25760,35679,4de300022241499d520ac21de5f35f08
16,58155,25760,40299,8cf341e4e1ef020db14867a5d87bb035
16,58154,25761,27399,95b2166f27bb1512b1901feac19abd65
16,58155,25761,48769,d6a7ea5c0f8807d9aab60073480d5afa
16,58153,25762,13918,4031bd900b27064805e3621dbff09b09
16,58154,25762,22119,dde783cf49373f50c60ea94d5487043d
16,58155,25762,27155,a0cf180ca404811cab2dce6a3cea753a
16,58154,25763,22549,401c8998431329f3e76d721010aa55c0
16,58155,25763,13809,2c68da3419d633ec9e7614b97e840789
16,58156,25760,125620,9b16240f2b83608a0b1c87512b4793eb
16,58157,25760,90506,b7e7a0d1ac46169a5d6b55bce069cbcb
16,58156,25761,52472,2be9f7892bc483afd933aaa41ae67ab7
16,58157,25761,74553,65f6df8550c81a79f59c3e0b7e4e24c5
16,58158,25760,58407,b6f313aeec336450b6eff0712d517f8f
16,58159,25760,53467,820839e69eca6ac914a1d27d99627439
16,58158,25761,40516,9da550d3e7b3c1dda6a3f3fbb3bd887c
16,58159,25761,69628,4a30068255a467f314267b1b33ea1180
16,58156,25762,27033,d4d249eb2b2762bb89bd074ee638b02b
16,58157,25762,26594,b18867b799482b1621fcce8b8778cc1a
16,58156,25763,22776,d1cebbbe6bfe4475e7dc9712e4bf621a
16,58157,25763,22081,ef9e00390c12b9e8dfa730f099fbe7e3
16,58158,25762,25166,12b0d05c763b108881bf2ed7f2a5b416
16,58159,25762,36231,44198a60fc4e3e30d5edb557507f0868
16,58158,25763,30945,ff8ce20ded6c579a83667e4cab2b1068
16,58159,25763,27377,3e2eb36f007b36f587640b0856a47451
16,58154,25764,23914,1a144eddc1588a908bb43d9bc08a98eb
16,58155,25764,22079,fd4f62cc233ce0c338ce482c786af520
16,58155,25765,13045,52184c2db2b9a24152d74de254358171
16,58155,25766,16286,70abbbd7c7a4cc30637ceb99b012a1ac
16,58155,25767,24331,feeb44cf8010d5fd9407b3c30f7859d1
16,58156,25764,16585,c6c72b3cbadfaeac5c9660ca655117e0
16,58157,25764,22108,267ab83ee1e8c9e49eab26da8ad482e3
16,58156,25765,20183,ad68fd4d41b09a1bd119b102a4d7ccdb
16,58157,25765,27563,507d972420d8ca34e671309f7338d68d
16,58158,25764,23645,6b3cf3f8480048168ac7505fc3e3ffaa
16,58159,25764,42733,3612b40fb4bbed70bf7d5135297d9ec2
16,58158,25765,19005,4f9376e54f69dfa0320e8897e2395df3
16,58159,25765,11765,611b651edfc7703a055800ea05256ac6
16,58156,25766,23332,1a36a32cf8c422b70aa9a1404a2ed4bd
16,58157,25766,27066,52eb349a55bf21f4626a07be56141f3a
16,58156,25767,14360,116dd84e6e8de1688e7561be6ebba9c6
16,58157,25767,18865,22e5b368dcfa1456ac3e1f312e4f6675
16,58158,25766,18584,eb4efd34befb68b2c97d5f01560f71c1
16,58159,25766,19570,d94715e429e924e50f106c484bae0a7e
16,58158,25767,11808,3f03cf26414c6a20ca5dc25952421604
16,58159,25767,26789,e559a1efd167c282c0ff10c6050c0e6e
16,58156,25768,15057,2202b7fc2beb6ada496d8c7cd0a4f81c
16,58157,25768,34249,39d7b70a67af1995e6fad4e0594e6aa1
16,58156,25769,17568,8aa9ca1275b1dcf0422eb7c66351fbdc
16,58157,25769,23046,6689ae1ace417126abbf12fd8ee3ddb2
16,58158,25768,17963,7e5b0fd2e901f701965ed842f5972ef6
16,58159,25768,37753,53e7acbf54932389aadfd410ec62e930
16,58158,25769,14017,ebfd071a5093aea595c8a179af397b11
16,58159,25769,23431,f4fede04d3a30bd11c37ff65e2ceaa92
16,58158,25770,12360,76b9b4e7cefe967e16f07e6ec55ab24c
16,58159,25770,18253,898526df5de3b65d8fdfea0b786fc2fa
16,58158,25771,9827,9140e685aee595bccbb37a323fcf5fa4
16,58159,25771,18329,3e12fc69a61eef29477b37b8721f0a8e
16,58160,25760,82035,ce8fccd74df4b3632a6be411fa3e82e1
16,58161,25760,126321,5dc6d09ff05ce877a82ff9cd563079af
16,58160,25761,55595,26d9baa0fa67f39e5adaa85e42301821
16,58161,25761,139659,14a0c5aa9a2bef858ed4c1d5c2aafc5c
16,58162,25760,60989,6d5da161b9165b909c6661bcd40c51dd
16,58163,25760,93636,baf84bf9db41f610bb99d4dbeb8e9abb
16,58162,25761,95286,150e5d61e67d14382c05e325abd8cfe5
16,58163,25761,95747,9835612442952aa7465d69ce428bbf83
16,58160,25762,27395,28b72c46f62af8e05786c2152bc2e98e
16,58161,25762,77880,65aa1ffefff3aae1f0dd314ce3941d97
16,58160,25763,12652,22b60e90839ad2815863d1017656e0f4
16,58161,25763,10600,4e672e864a8017148a692418f923cfb2
16,58162,25762,80539,22688525b5fbd633ae96a4cedd5260ec
16,58163,25762,81345,37d16160c257356ccb8b9d09deecde8b
16,58162,25763,15855,cdd07ffb99970a6be31ae4ece5293331
16,58163,25763,78896,a6a28b3efe277b1cd2e597e96b4916f8
16,58164,25760,133428,85fde14d2ec4eb6c6a56513ccfab183b
16,58165,25760,59236,34ddd896cf1b539230410376ecb5de47
16,58164,25761,120761,7b25f3ac7b4bf6f51960bcedd69de870
16,58165,25761,105791,f03623db681c624b329ce071b02d7394
16,58166,25760,69327,e83747359f52f5bd0add9129c44fc808
16,58167,25760,61245,c53a058ae81f2bc43051e3d1144f8332
16,58167,25761,45383,a085dff06f69fd145c1c8ab546888caa
16,58164,25762,112459,4ba07b40444f69ed6a9980ef850674b2
16,58165,25762,136096,8ba278d85b011e3285c93471f0d16005
16,58164,25763,97515,a3d966e8494e377604fcca52bf0f9d3e
16,58160,25764,26370,533519322826e5533629b6631901d004
16,58161,25764,25620,7189d81f92d9b2429cdacb25e898c9f1
16,58160,25765,15777,8a2eea0bb77ea150377b3855443b06c3
16,58161,25765,15575,31b15eeed7c1242e56889b0376ffa36f
16,58162,25764,31554,4f1d5bde4c4cf6447abe1779404858ab
16,58163,25764,71423,d75a239e09cabbb43391bf708069d4fc
16,58162,25765,62637,0c199199dce790650d1e84a8520bd044
16,58163,25765,64250,19b8f029efc3251f7818622e4702ea09
16,58160,25766,21611,a7a93015f5808af6a9eca93c490642c3
16,58161,25766,26522,1007172be9013e894289aabfe853c1cc
16,58160,25767,37319,34071f9dadfdae164a9a7a224af2f779
16,58161,25767,45375,f0298cf35554d45f350fac98833a6e89
16,58168,25760,41285,6485967c3fd01b260993e7bb4e84dcf4
16,58169,25760,8345,6430bff80511b3827808668456ee1922
16,58168,25761,45156,0a0f516741798c8d142a6a168d878ac9
16,58169,25761,31226,3854d021668693eb6a7ef8217013200f
16,58170,25760,22719,bae3c757c4138510d864008ae5a0dbf8
16,58171,25760,13080,4eb51e7642022d3c9339c3345983671b
16,58170,25761,23488,6cfa6f1939a721b9452010339f616b4f
16,58171,25761,27810,144ce17598a5b69d70931f053cd55009
16,58168,25762,83005,72e3ca37c010e1ce8e4aa915fd01f093
16,58169,25762,31332,2bbdc39d91c12bf8312dab23975467c5
16,58170,25762,20759,1950917ae6fc5c1f3d6d548fec4b4e9d
16,58171,25762,30734,acb1f89adbf28de48294b6b9a952c1d9
16,58172,25760,26639,9b26ce1c9349498517a423f5d197a6e9
16,58173,25760,30279,56bd127432c51d46fc55b2a91108ee69
16,58160,25768,47832,3a6f34d18546b37a0795ae6d42000957
16,58161,25768,32530,f1980e17a883845ba4c19fbfd9c3125a
16,58160,25769,17591,12b81d98d6bd48491d00c89f693bb655
16,58160,25770,17849,8ac5b2773c994bc0adbfcf32009a8354
